SegmentName:,'Node1:','Node2:','Node3:','Bif Parent:','Branch1:','Branch2:','Trif Parent:','Branch1:','Branch2:','Branch3:','Total Elements:'
ascending_aorta,1,2,3,,,,,,,,165
aortic_arch,3,4,5,2,3,6,,,,,
aortic_arch,5,6,7,3,4,153,,,,,
aortic_arch,7,8,9,4,5,95,,,,,
aortic_arch,9,10,11,,,,,,,,
brachiocephalic,5,12,13,,,,,,,,
brachiocephalic,13,14,15,7,120,142,,,,,
descending_aorta,11,16,17,,,,,,,,
descending_aorta,17,18,19,,,,,,,,
descending_aorta,19,20,21,,,,,,,,
descending_aorta,21,22,23,,,,,,,,
descending_aorta,23,24,25,12,13,74,,,,,
descending_aorta,25,26,27,13,14,86,,,,,
descending_aorta,27,28,29,,,,14,15,90,91,
descending_aorta,29,30,31,,,,,,,,
descending_aorta,31,32,33,16,17,92,,,,,
descending_aorta,33,34,35,17,18,47,,,,,
left_common_iliac_artery,35,36,37,18,19,21,,,,,
left_internal_iliac_artery,37,38,39,,,,,,,,
left_internal_iliac_artery,39,40,41,,,,,,,,
left_external_iliac_artery,37,42,43,,,,,,,,
left_external_iliac_artery,43,44,45,22,23,27,,,,,
left_deep_femoral_artery,45,46,47,,,,,,,,
left_deep_femoral_artery,47,48,49,,,,,,,,
left_deep_femoral_artery,49,50,51,,,,,,,,
left_deep_femoral_artery,51,52,53,,,,,,,,
left_femoral_artery,45,54,55,,,,,,,,
left_femoral_artery,55,56,57,,,,,,,,
left_femoral_artery,57,58,59,,,,,,,,
left_femoral_artery,59,60,61,30,31,33,,,,,
left_profundus_artery,61,62,63,,,,,,,,
left_profundus_artery,63,64,65,,,,,,,,
left_popliteal_artery,61,66,67,,,,,,,,
left_popliteal_artery,67,68,69,,,,,,,,
left_popliteal_artery,69,70,71,,,,,,,,
left_popliteal_artery,71,72,73,36,37,42,,,,,
left_posterior_tibial_artery,73,74,75,,,,,,,,
left_posterior_tibial_artery,75,76,77,,,,,,,,
left_posterior_tibial_artery,77,78,79,,,,,,,,
left_posterior_tibial_artery,79,80,81,,,,,,,,
left_posterior_tibial_artery,81,82,83,,,,,,,,
left_anterior_tibial_artery,73,84,85,,,,,,,,
left_anterior_tibial_artery,85,86,87,,,,,,,,
left_anterior_tibial_artery,87,88,89,,,,,,,,
left_anterior_tibial_artery,89,90,91,,,,,,,,
left_anterior_tibial_artery,91,92,93,,,,,,,,
right_common_iliac_artery,35,94,95,47,48,50,,,,,
right_internal_iliac_artery,95,96,97,,,,,,,,
right_internal_iliac_artery,97,98,99,,,,,,,,
right_external_iliac_artery,95,100,101,,,,,,,,
right_external_iliac_artery,101,102,103,51,52,56,,,,,
right_deep_femoral_artery,103,104,105,,,,,,,,
right_deep_femoral_artery,105,106,107,,,,,,,,
right_deep_femoral_artery,107,108,109,,,,,,,,
right_deep_femoral_artery,109,110,111,,,,,,,,
right_femoral_artery,103,112,113,,,,,,,,
right_femoral_artery,113,114,115,,,,,,,,
right_femoral_artery,115,116,117,58,59,61,,,,,
right_profundus_artery,117,118,119,,,,,,,,
right_profundus_artery,119,120,121,,,,,,,,
right_popliteal_artery,117,122,123,,,,,,,,
right_popliteal_artery,123,124,125,,,,,,,,
right_popliteal_artery,125,126,127,,,,,,,,
right_popliteal_artery,127,128,129,64,65,70,,,,,
right_posterior_tibial_artery,129,130,131,,,,,,,,
right_posterior_tibial_artery,131,132,133,,,,,,,,
right_posterior_tibial_artery,133,134,135,,,,,,,,
right_posterior_tibial_artery,135,136,137,,,,,,,,
right_posterior_tibial_artery,137,138,139,,,,,,,,
right_anterior_tibial_artery,129,140,141,,,,,,,,
right_anterior_tibial_artery,141,142,143,,,,,,,,
right_anterior_tibial_artery,143,144,145,,,,,,,,
right_anterior_tibial_artery,145,146,147,,,,,,,,
celiac_artery,25,148,149,,,,74,75,79,81,
splenic_artery,149,150,151,,,,,,,,
splenic_artery,151,152,153,,,,,,,,
splenic_artery,153,154,155,,,,,,,,
splenic_artery,155,156,157,,,,,,,,
hepatic_artery,149,158,159,,,,,,,,
hepatic_artery,159,160,161,,,,,,,,
left_gastric_artery,149,162,163,,,,,,,,
left_gastric_artery,163,164,165,,,,,,,,
left_gastric_artery,165,166,167,,,,,,,,
left_gastric_artery,167,168,169,,,,,,,,
left_gastric_artery,169,170,171,,,,,,,,
superior_mesenteric_artery,27,172,173,,,,,,,,
superior_mesenteric_artery,173,174,175,,,,,,,,
superior_mesenteric_artery,175,176,177,,,,,,,,
superior_mesenteric_artery,177,178,179,,,,,,,,
left_renal_artery,29,180,181,,,,,,,,
right_renal_artery,29,182,183,,,,,,,,
inferior_mesenteric_artery,33,184,185,,,,,,,,
inferior_mesenteric_artery,185,186,187,,,,,,,,
inferior_mesenteric_artery,187,188,189,,,,,,,,
left_subclavian_artery,9,190,191,,,,,,,,
left_subclavian_artery,191,192,193,96,97,164,,,,,
left_subclavian_artery,193,194,195,,,,,,,,
left_subclavian_artery,195,196,197,,,,,,,,
left_subclavian_artery,197,198,199,,,,,,,,
left_axillary_arterty,199,200,201,,,,,,,,
left_axillary_arterty,201,202,203,,,,,,,,
left_axillary_arterty,203,204,205,,,,,,,,
left_brachial_artery,205,206,207,,,,,,,,
left_brachial_artery,207,208,209,,,,,,,,
left_brachial_artery,209,210,211,105,106,111,,,,,
left_radial_artery,211,212,213,,,,,,,,
left_radial_artery,213,214,215,,,,,,,,
left_radial_artery,215,216,217,,,,,,,,
left_radial_artery,217,218,219,,,,,,,,
left_radial_artery,219,220,221,,,,,,,,
left_ulnar_artery,211,222,223,111,112,116,,,,,
left_ulnar_artery,223,224,225,,,,,,,,
left_ulnar_artery,225,226,227,,,,,,,,
left_ulnar_artery,227,228,229,,,,,,,,
left_ulnar_artery,229,230,231,,,,,,,,
left_interosseous_artery,223,232,233,,,,,,,,
left_interosseous_artery,233,234,235,,,,,,,,
left_interosseous_artery,235,236,237,,,,,,,,
left_interosseous_artery,237,238,239,,,,,,,,
right_subclavian_artery,15,240,241,120,121,151,,,,,
right_subclavian_artery,241,242,243,,,,,,,,
right_axillary_artery,243,244,245,,,,,,,,
right_axillary_artery,245,246,247,,,,,,,,
right_axillary_artery,247,248,249,,,,,,,,
right_brachial_artery,249,250,251,,,,,,,,
right_brachial_artery,251,252,253,,,,,,,,
right_brachial_artery,253,254,255,127,128,133,,,,,
right_radial_artery,255,256,257,,,,,,,,
right_radial_artery,257,258,259,,,,,,,,
right_radial_artery,259,260,261,,,,,,,,
right_radial_artery,261,262,263,,,,,,,,
right_radial_artery,263,264,265,,,,,,,,
right_ulnar_artery,255,266,267,133,134,138,,,,,
right_ulnar_artery,267,268,269,,,,,,,,
right_ulnar_artery,269,270,271,,,,,,,,
right_ulnar_artery,271,272,273,,,,,,,,
right_ulnar_artery,273,274,275,,,,,,,,
right_interosseous_artery,267,276,277,,,,,,,,
right_interosseous_artery,277,278,279,,,,,,,,
right_interosseous_artery,279,280,281,,,,,,,,
right_interosseous_artery,281,282,283,,,,,,,,
right_common_carotid_artery,15,284,285,,,,,,,,
right_common_carotid_artery,285,286,287,,,,,,,,
right_common_carotid_artery,287,288,289,144,145,147,,,,,
right_external_carotid_artery,289,290,291,,,,,,,,
right_external_carotid_artery,291,292,293,,,,,,,,
right_internal_carotid_artery,289,294,295,,,,,,,,
right_internal_carotid_artery,295,296,297,,,,,,,,
right_internal_carotid_artery,297,298,299,,,,,,,,
right_internal_carotid_artery,299,300,301,,,,,,,,
right_vertebral_artery,241,302,303,,,,,,,,
right_vertebral_artery,303,304,305,,,,,,,,
left_common_carotid_artery,7,306,307,,,,,,,,
left_common_carotid_artery,307,308,309,,,,,,,,
left_common_carotid_artery,309,310,311,,,,,,,,
left_common_carotid_artery,311,312,313,,,,,,,,
left_common_carotid_artery,313,314,315,157,158,160,,,,,
left_external_carotid_artery,315,316,317,,,,,,,,
left_external_carotid_artery,317,318,319,,,,,,,,
left_internal_carotid_artery,315,320,321,,,,,,,,
left_internal_carotid_artery,321,322,323,,,,,,,,
left_internal_carotid_artery,323,324,325,,,,,,,,
left_internal_carotid_artery,325,326,327,,,,,,,,
left_vertebral_artery,193,328,329,,,,,,,,
left_vertebral_artery,329,330,331,,,,,,,,
